<?xml version="1.0" encoding="UTF-8"?>
<project-private xmlns="http://www.netbeans.org/ns/project-private/1">
    <editor-bookmarks xmlns="http://www.netbeans.org/ns/editor-bookmarks/2" lastBookmarkId="0"/>
    <open-files xmlns="http://www.netbeans.org/ns/projectui-open-files/2">
        <group>
            <file>file:/C:/Users/pc/Documents/NetBeansProjects/DBMS%20project/src/dbms/project/NewJFrame.java</file>
            <file>file:/C:/Users/pc/Documents/NetBeansProjects/DBMS%20project/src/dbms/project/ty.java</file>
            <file>file:/C:/Users/pc/Documents/NetBeansProjects/DBMS%20project/src/dbms/project/DBMSProject.java</file>
            <file>file:/C:/Users/pc/Documents/NetBeansProjects/DBMS%20project/src/dbms/project/Frame_Dashboard.java</file>
        </group>
    </open-files>
</project-private>
